{
  "hash": "45926dee",
  "configHash": "a70d4310",
  "lockfileHash": "5d6c1dcf",
  "browserHash": "833cf37f",
  "optimized": {
    "@angular/core": {
      "src": "../../../../../../node_modules/@angular/core/fesm2022/core.mjs",
      "file": "@angular_core.js",
      "fileHash": "c7cdc828",
      "needsInterop": false
    },
    "@angular/platform-browser": {
      "src": "../../../../../../node_modules/@angular/platform-browser/fesm2022/platform-browser.mjs",
      "file": "@angular_platform-browser.js",
      "fileHash": "0c7bedbe",
      "needsInterop": false
    },
    "@angular/platform-browser/animations/async": {
      "src": "../../../../../../node_modules/@angular/platform-browser/fesm2022/animations/async.mjs",
      "file": "@angular_platform-browser_animations_async.js",
      "fileHash": "924370b1",
      "needsInterop": false
    },
    "@angular/router": {
      "src": "../../../../../../node_modules/@angular/router/fesm2022/router.mjs",
      "file": "@angular_router.js",
      "fileHash": "2bcf41f6",
      "needsInterop": false
    }
  },
  "chunks": {
    "chunk-H3RVMBD6": {
      "file": "chunk-H3RVMBD6.js"
    },
    "browser-J5WTG5B4": {
      "file": "browser-J5WTG5B4.js"
    },
    "chunk-XDG2Z2U2": {
      "file": "chunk-XDG2Z2U2.js"
    },
    "chunk-3SIMDI2V": {
      "file": "chunk-3SIMDI2V.js"
    }
  }
}